src_ip,dst_ip,port,total_time_sec,ratio_down_up_bytes,num_connections,total_up_bytes,total_down_bytes,max_connections_5min,flag_high_connections,country_code,organization
192.168.108.153,103.103.173.55,443,0.0,11.925,1,5635,67200,1,False,MM,AS136465 Dept. of Information Technology & Cyber Security
192.168.108.153,103.25.242.28,443,351.0,8.244,4,45760,377265,2,False,MM,"AS133384 Global Technology Co., Ltd."
192.168.108.153,103.41.214.232,443,0.0,10.115,1,12105,122447,1,False,IN,AS133768 Schneider Electric India Pvt Ltd
192.168.108.153,103.76.52.154,443,199.0,7.729,3,40839,315638,2,False,RU,
192.168.108.153,103.77.72.183,443,442.0,8.125,5,49629,403229,2,False,CN,"AS63631 Guangdong Cloudbase Technology Co., Ltd."
192.168.108.153,103.96.228.80,443,306.0,9.104,3,28532,259762,2,False,IN,AS136683 Bqe Kashmir
192.168.108.153,109.106.147.207,443,0.0,11.638,1,9360,108935,1,False,RU,AS43727 Jsc Kvant-telekom
192.168.108.153,109.237.105.220,443,130.0,5.924,2,20094,119036,2,False,RU,AS49469 LLC Melt-internet
192.168.108.153,109.95.194.118,443,0.0,12.589,1,10065,126707,1,False,RU,AS50442 Nemerov Evgeniy Vladimirovish PE
192.168.108.153,110.75.222.123,443,85.0,8.782,2,22691,199263,1,False,CN,"AS37963 Hangzhou Alibaba Advertising Co.,Ltd."
192.168.108.153,123.114.187.29,443,129.0,8.032,3,38970,313008,2,False,CN,AS4808 China Unicom Beijing Province Network
192.168.108.153,128.0.30.253,443,474.0,7.445,5,50340,374761,3,False,RU,AS41794 Sibirskie Seti Ltd.
192.168.108.153,140.249.179.167,443,207.0,10.717,2,84067,900972,1,False,CN,"AS58541 Qingdao,266000"
192.168.108.153,141.98.28.180,443,608.0,8.485,7,66731,566209,3,False,RU,AS31214 TIS Dialog LLC
192.168.108.153,146.120.109.116,443,0.0,10.489,1,4465,46832,1,False,RU,AS59525 Siberian generating company Limited liability company
192.168.108.153,149.154.67.98,443,0.0,6.067,1,11596,70350,1,False,RU,AS29182 JSC IOT
192.168.108.153,163.171.153.146,443,313.0,7.27,4,66641,484462,2,False,,AS204720 Global Cloud Network LLC
192.168.108.153,165.225.90.22,443,228.0,6.922,3,32744,226638,2,False,RU,AS62044 Zscaler Switzerland GmbH
192.168.108.153,17.81.171.153,443,380.0,8.376,4,36538,306054,2,False,CN,AS714 APPLE-ENGINEERING
192.168.108.153,17.81.77.20,443,0.0,5.657,1,10952,61950,1,False,CN,AS714 APPLE-ENGINEERING
192.168.108.153,17.87.154.37,443,235.0,9.963,3,30616,305032,2,False,CN,AS714 APPLE-ENGINEERING
192.168.108.153,17.93.11.124,443,436.0,9.0,5,40696,366265,3,False,CN,AS714 APPLE-ENGINEERING
192.168.108.153,172.107.8.167,443,205.0,7.475,3,54086,404305,3,False,RU,AS40676 AS40676
192.168.108.153,172.94.10.192,443,104.0,7.499,2,22171,166255,2,False,RU,AS50867 Hostkey B.v.
192.168.108.153,175.178.18.22,443,277.0,7.132,3,36957,263592,2,False,CN,AS45090 Shenzhen Tencent Computer Systems Company Limited
192.168.108.153,176.112.189.208,443,85.0,9.206,2,27713,255127,1,False,SK,AS58044 free-zona s.r.o.
192.168.108.153,176.119.179.78,443,207.0,7.549,3,36504,275567,3,False,RU,AS58285 Atri Ltd.
192.168.108.153,176.120.86.138,443,223.0,8.144,4,46275,376848,3,False,RU,AS34300 Internet-Cosmos LLC
192.168.108.153,176.123.194.119,443,249.0,8.016,3,49735,398686,2,False,RU,AS59515 Inter.Com Ltd
192.168.108.153,176.65.62.56,443,0.0,8.892,1,3584,31870,1,False,RU,AS49814 TomGate LLC
192.168.108.153,182.255.60.193,443,361.0,8.228,5,70727,581912,3,False,CN,AS132325 LEMON TELECOMMUNICATIONS LIMITED
192.168.108.153,185.1.67.247,443,0.0,9.581,1,21028,201475,1,False,RU,
192.168.108.153,185.102.8.223,443,0.0,11.441,1,4409,50443,1,False,RU,AS8492 OBIT Ltd.
192.168.108.153,185.105.224.3,443,136.0,6.056,3,41065,248677,2,False,RU,AS200487 OOO VPS
192.168.108.153,185.108.4.34,443,0.0,6.343,1,19578,124179,1,False,RU,AS56534 Comfortel Ltd.
192.168.108.153,185.119.3.135,443,247.0,7.864,3,29613,232872,3,False,RU,AS8492 OBIT Ltd.
192.168.108.153,185.124.14.49,443,48.0,9.685,3,25830,250174,3,False,RU,AS49371 Shark Telecom LLC
192.168.108.153,185.13.34.105,443,107.0,5.684,2,21986,124972,1,False,RU,AS201247 MR Group JSC
192.168.108.153,185.151.240.229,443,235.0,8.3,3,22549,187149,2,False,RU,AS49505 OOO Network of data-centers Selectel
192.168.108.153,185.176.208.16,443,205.0,8.096,3,23108,187077,3,False,LB,AS48847 Waves S.a.l
192.168.108.153,185.178.45.155,443,184.0,8.761,3,29466,258153,2,False,RU,AS9123 TimeWeb Ltd.
192.168.108.153,185.188.193.86,443,158.0,11.976,2,21460,257005,1,False,GE,AS39248 Artem Zubkov
192.168.108.153,185.200.170.218,443,0.0,8.329,1,7195,59930,1,False,RU,AS45027 LLC Internet Tehnologii
192.168.108.153,185.203.98.22,443,178.0,8.279,3,19293,159727,3,False,RU,AS205412 I-Digital Limited Liability Company
192.168.108.153,185.214.246.221,443,178.0,10.919,4,62526,682712,4,False,RU,AS48084 Uzhnie Magistraljnie Linii Svyazi LLC
192.168.108.153,185.23.9.179,443,246.0,7.818,3,20526,160475,3,False,RU,AS51645 JSC ER-Telecom Holding
192.168.108.153,185.231.51.189,443,0.0,6.438,1,4378,28185,1,False,RU,AS201193 Internet Projects JSC
192.168.108.153,185.237.236.127,443,0.0,12.808,1,7774,99573,1,False,RU,AS31444 SeaExpress Ltd.
192.168.108.153,185.246.195.129,443,213.0,8.451,3,53346,450849,2,False,RU,AS204564 LLC Mir Mitino Telecom
192.168.108.153,185.246.91.40,443,0.0,12.295,1,11009,135351,1,False,RU,AS204576 Denis Dmitrievich Galyamin
192.168.108.153,185.247.195.22,443,0.0,6.822,1,8973,61212,1,False,RU,
192.168.108.153,185.250.62.116,443,0.0,8.841,1,6203,54842,1,False,RU,AS56690 VNET LLC
192.168.108.153,185.253.139.1,443,0.0,9.871,1,4702,46415,1,False,RU,AS207977 Limited Liability Company SOVREMENNYE BESPROVODNYE TEHNOLOGII
192.168.108.153,185.26.169.182,443,0.0,8.947,1,12990,116219,1,False,RU,AS60738 OOO PKF Delta Telekom
192.168.108.153,185.33.163.30,443,266.0,9.499,5,42074,399642,3,False,RU,
192.168.108.153,185.46.87.222,443,464.0,10.71,4,43459,465432,2,False,RU,AS35624 Silverstar Invest Limited
192.168.108.153,185.47.204.113,443,129.0,10.057,2,35944,361483,2,False,RU,AS50340 OOO Network of data-centers Selectel
192.168.108.153,185.48.115.136,443,0.0,10.06,1,11256,113236,1,False,RU,AS199728 Data-Line LLC
192.168.108.153,185.50.83.53,443,0.0,9.851,1,9793,96468,1,False,RU,AS202202 LLC orion
192.168.108.153,185.54.236.227,443,156.0,7.616,2,24669,187888,2,False,RU,AS60245 Sannikov Kirill Vladimirovich
192.168.108.153,185.60.14.248,443,150.0,9.507,2,14189,134897,1,False,RU,AS34241 New Communication Technologies LLC
192.168.108.153,185.64.209.143,443,439.0,9.075,5,61606,559088,3,False,RU,AS31724 Svyazist LLC
192.168.108.153,185.69.135.220,443,0.0,5.752,1,8959,51536,1,False,RU,AS61031 Escomtel Backbone Networks Ltd.
192.168.108.153,185.94.152.33,443,302.0,7.536,4,40432,304715,2,False,RU,AS56875 Sprint Ltd
192.168.108.153,188.112.226.18,443,153.0,8.454,2,25078,212009,1,False,RU,AS49291 JSC RTComm.RU
192.168.108.153,188.42.213.27,443,310.0,7.233,4,38993,282050,3,False,LU,AS39134 Edinaya Set Limited Liability Company
192.168.108.153,193.105.27.218,443,104.0,8.592,2,23447,201451,2,False,RU,AS50425 LLC Media-1 Management
192.168.108.153,193.110.141.33,443,0.0,8.21,1,12024,98715,1,False,RU,AS47954 Alpha Net Telecom Ltd
192.168.108.153,193.150.170.138,443,132.0,7.75,2,31159,241488,1,False,NO,AS49505 OOO Network of data-centers Selectel
192.168.108.153,193.187.105.250,443,308.0,7.253,4,47677,345812,3,False,IT,AS49505 OOO Network of data-centers Selectel
192.168.108.153,193.192.158.233,443,0.0,7.627,1,12620,96258,1,False,RU,
192.168.108.153,193.200.95.20,443,0.0,10.367,1,21922,227276,1,False,RU,AS42589 UDP Ltd.
192.168.108.153,193.219.117.243,443,294.0,8.368,3,22520,188439,2,False,RU,AS210735 BIT LLC
192.168.108.153,193.233.17.247,443,0.0,9.84,1,19910,195922,1,False,UA,
192.168.108.153,193.242.104.26,443,0.0,8.768,1,16610,145642,1,False,RO,AS57252 Rg Fairplay S.r.l
192.168.108.153,193.32.194.83,443,0.0,11.521,1,8362,96339,1,False,PL,AS41952 Marton Media Sp. z o. o.
192.168.108.153,193.35.50.161,443,0.0,8.075,1,12030,97139,1,False,RU,"AS47626 Timer, LLC"
192.168.108.153,193.36.91.52,443,79.0,8.825,2,17429,153803,2,False,RU,AS211400 Jsc Monopoly
192.168.108.153,193.36.91.97,443,106.0,7.961,2,21837,173836,1,False,RU,AS211400 Jsc Monopoly
192.168.108.153,193.9.251.158,443,106.0,7.437,2,16077,119572,2,False,RU,AS211801 LLC zvezda Shipbuilding Complex
192.168.108.153,194.150.255.211,443,99.0,7.655,3,27599,211258,3,False,RU,AS49478 Provodov.net Ltd.
192.168.108.153,194.31.170.94,443,361.0,8.743,6,75617,661157,3,False,UA,AS31531 TOV Point
192.168.108.153,194.32.223.135,443,250.0,8.311,3,36704,305038,2,False,RU,AS31133 PJSC MegaFon
192.168.108.153,194.36.150.81,443,591.0,9.764,7,101505,991103,3,False,RU,AS39238 Okb Progress LLC
192.168.108.153,194.4.167.153,443,0.0,12.797,1,14047,179755,1,False,RU,AS49558 IT-Yaroslavl Ltd.
192.168.108.153,194.8.136.85,443,227.0,8.156,3,27798,226716,2,False,RU,AS47117 Sibline Ltd.
192.168.108.153,194.8.225.70,443,66.0,8.134,2,29149,237093,2,False,RU,AS12686 Open Joint Stock Commercial Bank Rosbank (OJSC)
192.168.108.153,194.88.205.130,443,0.0,9.782,1,8822,86296,1,False,RU,AS35640 Ooo Migraph
192.168.108.153,195.144.208.127,443,600.0,9.415,7,73881,695581,4,False,RU,AS8249 Rostelecom
192.168.108.153,195.149.105.225,443,0.0,7.411,1,17054,126385,1,False,RU,AS29425 Sakh.com LLC
192.168.108.153,195.149.111.14,443,373.0,7.587,3,20119,152652,2,False,RU,AS29648 PJSC MegaFon
192.168.108.153,195.158.222.167,443,0.0,9.548,1,10451,99790,1,False,UA,AS43201 Telematika LLC
192.168.108.153,195.18.40.125,443,11.0,6.975,2,26354,183809,2,False,RU,AS8557 Rostelecom
192.168.108.153,195.18.51.219,443,69.0,11.171,2,21412,239196,2,False,RU,AS8557 Rostelecom
192.168.108.153,195.2.112.23,443,109.0,9.58,2,12703,121691,2,False,LV,AS12578 SIA Tet
192.168.108.153,195.206.227.150,443,406.0,8.364,5,87026,727916,2,False,RU,AS48642 Joint stock company For
192.168.108.153,195.209.115.227,443,0.0,10.088,1,14235,143608,1,False,RU,AS56374 Federal State Budgetary Educational Institution of Higher Education M.I.Platov South-Russian
192.168.108.153,195.209.250.107,443,0.0,13.992,1,14941,209048,1,False,RU,AS8630 Fedaral State Educational Institution of higher professional Education 'Chuvash State Univers
192.168.108.153,195.216.194.232,443,300.0,8.905,4,41703,371381,3,False,RU,AS44492 MKTechnologiya Ltd.
192.168.108.153,195.246.111.147,443,387.0,9.174,5,77335,709447,3,False,RU,"AS48389 Privet, Internet LLC"
192.168.108.153,195.248.249.238,443,298.0,8.493,4,51096,433977,3,False,RU,AS39264 Region Svyaz Konsalt LLC
192.168.108.153,195.7.165.196,443,244.0,11.576,3,20542,237787,2,False,RU,AS8359 MTS PJSC
192.168.108.153,202.67.3.15,443,0.0,5.58,1,8193,45717,1,False,CN,AS4809 China Telecom Next Generation Carrier Network
192.168.108.153,202.75.213.8,443,276.0,7.723,3,34650,267603,2,False,CN,AS4837 CHINA UNICOM China169 Backbone
192.168.108.153,203.34.49.214,443,184.0,7.698,3,26070,200693,3,False,AU,AS58519 Cloud Computing Corporation
192.168.108.153,211.76.65.251,443,0.0,9.593,1,2442,23427,1,False,TW,AS4662 GCNet Reach & Range Inc.
192.168.108.153,212.122.0.81,443,405.0,8.191,4,48289,395556,2,False,RU,AS12332 Rostelecom
192.168.108.153,212.14.187.231,443,412.0,6.744,5,67286,453764,3,False,RU,AS20632 PJSC MegaFon
192.168.108.153,212.28.248.230,443,220.0,9.552,4,50540,482782,4,False,LB,AS24634 Transmog Inc S.A.L
192.168.108.153,213.109.145.129,443,298.0,9.231,4,41020,378660,3,False,RU,AS59848 LLC lure It
192.168.108.153,213.187.101.244,443,0.0,6.729,1,11384,76601,1,False,RU,AS25592 NETIS Telecom LLC
192.168.108.153,217.147.9.106,443,199.0,8.615,4,39593,341105,3,False,UA,AS201776 Miranda-Media Ltd
192.168.108.153,217.163.46.206,443,187.0,7.73,2,18121,140082,2,False,GB,AS3356 LEVEL3
192.168.108.153,217.170.94.166,443,0.0,5.836,1,13392,78151,1,False,RU,AS20597 PVimpelCom
192.168.108.153,217.71.132.93,443,121.0,8.606,3,18605,160118,3,False,RU,AS29147 State Educational Enterprise of Higher Professional Education Novosibirsk State Technical Un
192.168.108.153,217.76.38.143,443,86.0,6.825,2,14491,98901,1,False,RU,AS16143 OOO NIIR-RadioNet
192.168.108.153,218.244.149.35,443,165.0,10.856,3,33077,359083,3,False,CN,"AS37963 Hangzhou Alibaba Advertising Co.,Ltd."
192.168.108.153,23.111.223.100,443,290.0,8.714,5,56070,488566,4,False,RU,
192.168.108.153,23.217.131.94,443,0.0,8.758,1,9291,81374,1,False,RU,AS20485 Joint Stock Company TransTeleCom
192.168.108.153,31.134.27.201,443,179.0,9.878,4,58983,582660,4,False,RU,AS56592 Telewest Inet Ltd.
192.168.108.153,31.135.11.131,443,158.0,9.381,2,8318,78032,1,False,RU,AS29182 JSC IOT
192.168.108.153,31.211.14.251,443,146.0,8.678,2,11922,103459,2,False,RU,AS31036 JSC ER-Telecom Holding
192.168.108.153,37.139.51.87,443,62.0,11.602,2,18150,210574,2,False,RU,AS34665 Petersburg Internet Network ltd.
192.168.108.153,37.139.86.63,443,0.0,5.333,1,4019,21435,1,False,RU,AS35026 Gelicon-Apple Limited liability company
192.168.108.153,37.230.137.227,443,0.0,10.522,1,10983,115568,1,False,RU,AS197309 RS-Media LLC
192.168.108.153,37.72.131.6,443,347.0,8.298,4,72701,603241,2,False,RU,
192.168.108.153,42.146.28.18,443,229.0,7.212,3,31094,224258,3,False,JP,"AS9824 JCOM Co., Ltd."
192.168.108.153,43.158.140.62,443,0.0,14.168,1,9801,138860,1,False,RU,"AS132203 Tencent Building, Kejizhongyi Avenue"
192.168.108.153,43.243.130.216,443,0.0,12.642,1,13463,170193,1,False,CN,"AS9808 China Mobile Communications Group Co., Ltd."
192.168.108.153,43.252.81.46,443,194.0,7.421,3,44490,330179,2,False,KH,"AS136255 Telecom International Myanmar Co., Ltd"
192.168.108.153,43.255.193.166,443,36.0,6.775,2,15182,102861,2,False,CN,AS58519 Cloud Computing Corporation
192.168.108.153,45.112.226.71,443,186.0,8.123,3,36410,295759,3,False,FJ,AS4638 Telecom Fiji Limited
192.168.108.153,45.115.231.251,443,100.0,11.564,2,17375,200918,2,False,CN,AS31972 EMGINECONCEPT-01
192.168.108.153,45.120.100.44,443,0.0,8.977,1,8636,77526,1,False,CN,AS56046 China Mobile communications corporation
192.168.108.153,45.123.130.96,443,40.0,12.824,2,14098,180796,2,False,CN,"AS63701 Jishi Media Co ., Ltd."
192.168.108.153,45.127.219.18,443,0.0,8.98,1,21811,195864,1,False,CN,AS132369 XIANGAO INTERNATIONAL TELECOMMUNICATION LIMITED
192.168.108.153,45.130.214.190,443,755.0,8.077,7,87695,708271,4,False,KG,AS9009 M247 Europe SRL
192.168.108.153,45.136.205.248,443,202.0,8.317,3,28898,240358,3,False,RU,AS197309 RS-Media LLC
192.168.108.153,45.139.31.173,443,0.0,6.869,1,6579,45190,1,False,FI,AS34665 Petersburg Internet Network ltd.
192.168.108.153,45.156.115.10,443,0.0,12.293,1,8192,100703,1,False,CZ,
192.168.108.153,45.158.47.50,443,0.0,10.592,1,5503,58288,1,False,RU,AS34582 Voronezh-Signal LLC
192.168.108.153,45.250.201.167,443,0.0,7.858,1,19226,151077,1,False,MM,AS135427 Myanmar Network Company Limited
192.168.108.153,45.83.94.234,443,37.0,7.317,2,12807,93712,2,False,RU,AS208838 DomSet OOO
192.168.108.153,46.0.106.147,443,198.0,10.333,3,19304,199473,2,False,RU,AS34533 JSC ER-Telecom Holding
192.168.108.153,46.148.226.182,443,131.0,8.128,2,16940,137686,2,False,RU,AS49505 OOO Network of data-centers Selectel
192.168.108.153,46.20.176.89,443,281.0,7.348,3,32048,235498,2,False,RU,AS42322 MTS PJSC
192.168.108.153,46.226.228.194,443,0.0,5.969,1,10332,61674,1,False,RU,AS203750 State Unitary Enterprise of Krasnodar Region Information Technology Center
192.168.108.153,46.243.184.76,443,0.0,10.986,1,20259,222562,1,False,RU,AS209974 Itglobalcom Rus LLC
192.168.108.153,46.31.3.21,443,0.0,8.414,1,5005,42111,1,False,RU,AS51764 Jsc Amtel-svyaz
192.168.108.153,5.157.32.49,443,0.0,8.077,1,11140,89978,1,False,RU,AS58065 Packet Exchange Limited
192.168.108.153,5.181.26.227,443,113.0,12.104,2,10298,124647,2,False,LU,AS210756 EdgeCenter LLC
192.168.108.153,5.32.144.145,443,0.0,10.172,1,4934,50187,1,False,RU,AS43714 Production co-operative Economic-legal laboratory
192.168.108.153,58.243.43.45,443,166.0,12.806,2,27259,349085,1,False,CN,AS140726 UNICOM AnHui province network
192.168.108.153,61.29.191.135,443,0.0,7.308,1,9204,67260,1,False,CN,AS134773 CHINANET Guangdong province Guangzhou MAN network
192.168.108.153,63.109.247.159,443,138.0,10.004,2,23786,237957,2,False,US,AS701 UUNET
192.168.108.153,66.22.216.126,443,0.0,8.376,1,5368,44965,1,False,US,AS49544 i3D.net B.V
192.168.108.153,71.137.44.207,443,109.0,10.941,2,20305,222167,1,False,CN,AS55960 Beijing Guanghuan Xinwang Digital
192.168.108.153,77.233.16.182,443,258.0,8.541,3,37647,321532,3,False,RU,AS42478 Yug-Link Ltd.
192.168.108.153,77.246.230.145,443,0.0,14.008,1,20192,282849,1,False,RU,AS21367 Wiland Ltd
192.168.108.153,77.83.150.182,443,0.0,6.208,1,10279,63814,1,False,RU,AS50308 Mosnet LLC
192.168.108.153,77.93.123.116,443,0.0,6.251,1,11435,71482,1,False,RU,AS13055 MTS PJSC
192.168.108.153,77.94.186.178,443,175.0,5.637,2,28987,163414,1,False,RU,AS8641 LLC Nauka-Svyaz
192.168.108.153,80.82.89.39,443,63.0,9.169,2,32646,299323,1,False,RU,AS21353 JSC ER-Telecom Holding
192.168.108.153,80.93.111.75,443,498.0,7.663,5,45943,352080,3,False,RU,AS15638 Octopusnet LTD
192.168.108.153,80.95.39.52,443,0.0,9.718,1,10108,98230,1,False,RU,AS12389 Rostelecom
192.168.108.153,80.95.46.73,443,0.0,10.59,1,23079,244413,1,False,RU,AS12389 Rostelecom
192.168.108.153,81.19.132.9,443,654.0,9.46,6,59089,558979,2,False,RU,AS31133 PJSC MegaFon
192.168.108.153,82.147.69.24,443,616.0,7.409,6,73423,543976,3,False,RU,AS31112 Siberian Telecommunications Ltd.
192.168.108.153,82.204.162.162,443,440.0,10.282,4,37120,381665,2,False,RU,AS8359 MTS PJSC
192.168.108.153,83.217.40.248,443,233.0,7.776,3,33440,260023,2,False,RU,
192.168.108.153,84.54.36.148,443,0.0,7.228,1,11269,81453,1,False,DE,"AS204916 Racktech Co., Ltd."
192.168.108.153,85.115.201.2,443,0.0,5.759,1,9120,52521,1,False,UA,
192.168.108.153,85.192.47.179,443,0.0,4.717,1,6612,31191,1,False,RU,AS12695 LLC Digital Network
192.168.108.153,85.208.84.232,443,174.0,8.679,4,35418,307378,4,False,RU,AS34665 Petersburg Internet Network ltd.
192.168.108.153,89.207.216.79,443,158.0,6.362,2,20458,130148,1,False,RU,AS41275 Lovitel LLC
192.168.108.153,91.122.226.192,443,181.0,9.762,3,30707,299748,3,False,RU,AS12389 Rostelecom
192.168.108.153,91.189.112.246,443,133.0,9.129,2,10634,97078,1,False,RU,AS42399 Jsc ru-center
192.168.108.153,91.194.227.151,443,0.0,7.988,1,20961,167438,1,False,RU,AS43399 Tinkoff Bank JSC
192.168.108.153,91.198.98.210,443,0.0,11.824,1,6808,80496,1,False,RU,AS43673 JSC Multicarta
192.168.108.153,91.202.71.209,443,0.0,8.448,1,15353,129696,1,False,RU,AS44634 LLC SibSvayzStroy
192.168.108.153,91.203.208.27,443,81.0,6.31,2,13412,84629,1,False,RU,"AS47193 LAN-Optic, Ltd"
192.168.108.153,91.206.131.54,443,145.0,10.203,2,24449,249450,2,False,RU,AS44621 NTC Kompleksnaya Bezopasnost Ltd.
192.168.108.153,91.208.249.247,443,285.0,9.55,3,36605,349561,3,False,RU,AS43592 Joint-Stock Commercial Bank Izhcombank (OAO)
192.168.108.153,91.210.231.140,443,208.0,8.476,4,66651,564952,3,False,RU,AS48371 Westlan LTD
192.168.108.153,91.213.109.245,443,143.0,9.16,3,21686,198644,2,False,RU,AS20611 UK PS Group Ltd
192.168.108.153,91.213.240.157,443,151.0,10.155,3,60447,613811,3,False,RU,AS196780 Russian Systems Ltd
192.168.108.153,91.223.120.12,443,231.0,8.892,3,41468,368741,2,False,RU,AS9078 Sibirskie Innovacionnye Sistemy Ltd
192.168.108.153,91.223.25.37,443,80.0,7.093,2,12105,85861,2,False,RU,AS197526 Russian New University
192.168.108.153,91.224.83.30,443,442.0,9.311,6,71732,667909,3,False,RU,AS56351 Forais LLC
192.168.108.153,91.230.185.98,443,64.0,10.575,3,29063,307341,3,False,RU,AS57109 Pro-Revizor LLC.
192.168.108.153,91.236.94.58,443,0.0,9.462,1,10448,98864,1,False,RU,AS57882 Innotelecom Ltd.
192.168.108.153,91.244.240.138,443,559.0,8.255,6,63686,525697,4,False,RU,
192.168.108.153,92.38.153.239,443,5.0,9.968,2,19591,195274,2,False,RU,AS210756 EdgeCenter LLC
192.168.108.153,92.38.33.43,443,346.0,7.432,5,61544,457391,3,False,RU,AS61390 Garant-G Ltd.
192.168.108.153,93.170.95.92,443,277.0,7.56,3,43426,328291,3,False,RU,AS212210 Sheremet Aleksey
192.168.108.153,93.171.225.123,443,72.0,8.998,4,28474,256197,4,False,UA,AS61116 PE Starukh Vadim Vladimirovich
192.168.108.153,94.125.98.199,443,284.0,10.264,3,14433,148137,2,False,RU,AS56361 Orgtechservice Ltd
192.168.108.153,94.126.200.157,443,0.0,9.013,1,11512,103761,1,False,RU,
192.168.108.153,94.247.122.32,443,87.0,10.805,2,12858,138937,1,False,RU,AS47181 Trancom Ltd
192.168.108.153,95.129.237.56,443,42.0,8.028,2,20657,165834,2,False,RU,
192.168.108.153,95.181.152.163,443,231.0,6.62,4,38299,253531,3,False,RU,AS50214 QWARTA LLC
192.168.108.153,95.80.105.89,443,56.0,8.695,2,18210,158340,1,False,RU,AS12418 Quantum CJSC
192.168.108.153,95.85.80.224,443,47.0,11.746,2,18133,212990,2,False,GB,AS59793 Corporate Internet Service Provider LLC
192.168.108.156,101.1.0.225,443,219.0,8.236,3,22982,189276,2,False,CN,AS58519 Cloud Computing Corporation
192.168.108.156,103.107.111.74,443,0.0,5.946,1,10881,64697,1,False,HK,"AS134196 ANYUN INTERNET TECHNOLOGY HK CO.,LIMITED"
192.168.108.156,103.114.156.80,443,290.0,7.255,4,65960,478541,3,False,CN,"AS137710 Net God Information Technology Beijing Co., Ltd."
192.168.108.156,103.114.30.46,443,0.0,8.357,1,5006,41837,1,False,CN,"AS131941 Entsu Co.,Ltd."
192.168.108.156,103.115.23.135,443,761.0,8.412,7,76780,645843,3,False,MM,AS137826 AST SYSTEM TECHNOLOGY COMPANY LIMITED
192.168.108.156,103.116.206.231,443,0.0,4.289,1,21630,92767,1,False,CN,AS136955 Shang Hai Mu Ji Shang Wu Zi Xun You Xian Gong Si
192.168.108.156,103.118.245.224,443,0.0,9.682,1,19013,184077,1,False,CN,AS55933 Cloudie Limited
192.168.108.156,103.129.53.5,443,216.0,7.393,2,17728,131059,1,False,CN,AS397373 H4Y-TECHNOLOGIES
192.168.108.156,103.133.243.243,443,0.0,5.631,1,10729,60414,1,False,MM,"AS135300 Myanmar Broadband Telecom Co., Ltd"
192.168.108.156,103.134.12.150,443,1.0,9.423,2,15026,141591,2,False,CN,AS132146 Rich Top EC Limited
192.168.108.156,103.137.78.121,443,53.0,6.673,2,29268,195304,2,False,CN,AS18013 ASLINE LIMITED
192.168.108.156,103.138.13.112,443,334.0,8.91,4,29315,261186,2,False,CN,AS138195 MOACK.Co.LTD
192.168.108.156,103.139.212.52,443,0.0,9.824,1,7497,73650,1,False,CN,AS4847 China Networks Inter-Exchange
192.168.108.156,103.15.3.44,443,172.0,9.8,3,23740,232658,3,False,JP,AS9371 SAKURA Internet Inc.
192.168.108.156,103.152.57.125,443,108.0,7.765,2,49530,384607,1,False,CN,AS4812 China Telecom Group
192.168.108.156,103.153.128.31,443,141.0,8.412,3,38451,323466,2,False,CN,AS55933 Cloudie Limited
192.168.108.156,103.198.180.67,443,251.0,7.378,5,63612,469308,4,False,CN,AS134768 CHINANET SHAANXI province Cloud Base network
192.168.108.156,103.200.133.136,443,0.0,6.163,1,9942,61271,1,False,MM,AS134739 AGB Communication Co.Ltd
192.168.108.156,103.205.158.155,443,320.0,7.382,4,34503,254710,2,False,PH,AS64078 FLATRM 101A 1F
192.168.108.156,103.211.45.207,443,0.0,7.949,1,8248,65567,1,False,CN,AS4811 China Telecom Group
192.168.108.156,103.211.47.226,443,0.0,7.028,1,12342,86741,1,False,CN,AS4811 China Telecom Group
192.168.108.156,103.219.184.168,443,0.0,12.103,1,9011,109057,1,False,CN,AS4847 China Networks Inter-Exchange
192.168.108.156,103.222.218.84,443,143.0,9.113,2,15554,141736,1,False,CN,"AS58541 Qingdao,266000"
192.168.108.156,103.228.226.186,443,131.0,8.623,3,42670,367928,2,False,US,AS132817 DZCRD Networks Ltd
192.168.108.156,103.229.63.34,443,0.0,6.433,1,24312,156405,1,False,CN,AS55933 Cloudie Limited
192.168.108.156,103.232.16.246,443,199.0,10.854,3,25374,275400,2,False,HK,AS3257 GTT Communications Inc.
192.168.108.156,103.250.221.23,443,0.0,9.007,1,2579,23228,1,False,MM,AS150310 Trustforce Myanmar Company Limited trading as Nationet
192.168.108.156,103.40.224.100,443,0.0,5.432,1,5939,32263,1,False,AU,AS139785 Melbourne Water Corporation
192.168.108.156,103.47.185.156,443,215.0,8.502,4,44814,381014,3,False,MM,"AS135149 Myanmar Technology Gateway Co., Ltd"
192.168.108.156,103.5.194.182,443,188.0,8.907,3,45272,403249,2,False,CN,"AS59083 Shanghai Kuanhui Tech. Co.,ltd"
192.168.108.156,103.52.169.212,443,141.0,10.108,3,39149,395723,2,False,AU,AS135543 Network Dynamics Pty Ltd
192.168.108.156,103.56.11.89,443,170.0,9.247,2,16203,149824,1,False,CN,AS31972 EMGINECONCEPT-01
192.168.108.156,103.6.228.69,443,197.0,10.139,4,37630,381531,3,False,CN,"AS59083 Shanghai Kuanhui Tech. Co.,ltd"
192.168.108.156,103.61.10.244,443,313.0,6.91,4,29449,203484,3,False,MM,AS63998 Kinetic Myanmar Technology
192.168.108.156,103.66.230.57,443,103.0,9.491,2,15077,143096,1,False,BD,AS150715 STAR VISION CLASSIC CABLE NETWORK
192.168.108.156,103.71.71.3,443,118.0,9.338,2,20167,188323,2,False,CN,AS23650 AS Number for CHINANET jiangsu province backbone
192.168.108.156,103.76.179.166,443,117.0,10.128,2,21510,217848,2,False,MM,AS135307 Golden TMH Telecom Co. Ltd
192.168.108.156,103.77.28.206,443,453.0,9.672,6,95002,918851,4,False,CN,AS4808 China Unicom Beijing Province Network
192.168.108.156,103.8.205.110,443,801.0,8.434,8,96716,815737,3,False,CN,AS7641 China Broadcasting TV Net
192.168.108.156,103.8.33.69,443,0.0,5.25,1,11403,59868,1,False,CN,AS4837 CHINA UNICOM China169 Backbone
192.168.108.156,103.81.202.115,443,0.0,5.41,1,7998,43269,1,False,CN,"AS133111 CERNET New Technology Co., Ltd"
192.168.108.156,103.83.120.78,443,320.0,7.828,4,49854,390243,2,False,CN,"AS136189 Opera Software Technology Beijing Co., Ltd."
192.168.108.156,103.85.106.92,443,121.0,8.61,2,22042,189790,1,False,MM,"AS136255 Telecom International Myanmar Co., Ltd"
192.168.108.156,103.89.184.134,443,39.0,9.948,2,11269,112102,2,False,CN,AS63590 Hebei Broadcasting&TV Network
192.168.108.156,103.91.230.118,443,0.0,6.503,1,5303,34485,1,False,BD,AS136531 NetExpress Online
192.168.108.156,103.95.133.181,443,170.0,8.128,4,39169,318359,3,False,KH,
192.168.108.156,103.96.9.80,443,204.0,6.85,3,20264,138806,3,False,CN,"AS131567 Fnetlink International Co., Ltd."
192.168.108.156,103.99.61.100,443,98.0,6.087,3,48459,294946,2,False,CN,AS136950 Hong Kong FireLine Network LTD
192.168.108.156,104.250.182.2,443,97.0,9.795,2,29529,289232,2,False,RU,AS50867 Hostkey B.v.
192.168.108.156,109.105.190.30,443,0.0,9.897,1,5813,57531,1,False,RU,AS34038 PVimpelCom
192.168.108.156,109.109.208.148,443,85.0,9.753,2,27775,270888,2,False,RU,AS21332 PVimpelCom
192.168.108.156,109.127.143.206,443,192.0,8.611,3,24948,214837,2,False,RU,AS12389 Rostelecom
192.168.108.156,109.127.166.254,443,394.0,7.643,5,36228,276875,3,False,RU,AS12389 Rostelecom
192.168.108.156,109.163.223.22,443,150.0,8.728,2,27125,236742,1,False,RU,AS51645 JSC ER-Telecom Holding
192.168.108.156,109.237.237.130,443,471.0,10.2,6,88238,900008,3,False,RU,AS50449 Limited Liability Company Kvant
192.168.108.156,109.74.168.131,443,247.0,7.619,4,42281,322159,4,False,RU,AS48642 Joint stock company For
192.168.108.156,109.95.198.57,443,0.0,5.517,1,6963,38417,1,False,RU,AS50442 Nemerov Evgeniy Vladimirovish PE
192.168.108.156,110.75.193.57,443,91.0,6.889,2,18765,129268,2,False,CN,"AS37963 Hangzhou Alibaba Advertising Co.,Ltd."
192.168.108.156,111.123.73.142,443,0.0,6.748,1,9245,62389,1,False,CN,AS4134 Chinanet
192.168.108.156,111.221.250.66,443,0.0,7.803,1,30187,235543,1,False,CN,AS17962 ShenZhen Topway Video Communication Co. Ltd
192.168.108.156,114.112.6.52,443,123.0,9.262,2,19786,183260,2,False,HK,AS4761 INDOSAT Internet Network Provider
192.168.108.156,114.119.213.44,443,112.0,7.402,2,18486,136826,1,False,CN,AS4761 INDOSAT Internet Network Provider
192.168.108.156,114.198.253.44,443,101.0,8.391,3,35038,294000,2,False,ID,AS4761 INDOSAT Internet Network Provider
192.168.108.156,115.84.48.168,443,148.0,9.046,2,19219,173851,1,False,CN,"AS18239 NO.11 Xi San Huan Zhong Road,Beijing"
192.168.108.156,116.62.181.241,443,125.0,8.825,2,19909,175701,2,False,CN,"AS37963 Hangzhou Alibaba Advertising Co.,Ltd."
192.168.108.156,117.55.252.242,443,0.0,5.668,1,17512,99263,1,False,MM,"AS135300 Myanmar Broadband Telecom Co., Ltd"
192.168.108.156,118.191.223.107,443,0.0,10.623,1,6006,63803,1,False,CN,"AS59045 Guangzhou navigation information technology co., LTD"
192.168.108.156,118.215.211.42,443,0.0,6.246,1,6825,42626,1,False,CN,AS4134 Chinanet
192.168.108.156,119.4.172.134,443,0.0,9.444,1,4017,37937,1,False,CN,AS4837 CHINA UNICOM China169 Backbone
192.168.108.156,119.41.33.217,443,506.0,9.321,6,73009,680504,3,False,CN,AS4134 Chinanet
192.168.108.156,119.45.33.138,443,146.0,8.744,4,41772,365270,3,False,CN,AS45090 Shenzhen Tencent Computer Systems Company Limited
192.168.108.156,121.100.104.243,443,117.0,8.036,3,38831,312033,3,False,KR,"AS18334 Gyounggidongbu cable tv co., Ltd."
192.168.108.156,121.100.74.155,443,0.0,7.438,1,4771,35488,1,False,KR,"AS18334 Gyounggidongbu cable tv co., Ltd."
192.168.108.156,121.59.30.9,443,0.0,5.118,1,9042,46276,1,False,CN,AS4809 China Telecom Next Generation Carrier Network
192.168.108.156,121.91.180.61,443,285.0,8.015,4,30757,246509,3,False,CN,AS203020 HostRoyale Technologies Pvt Ltd
192.168.108.156,122.120.58.106,443,112.0,7.568,2,18925,143232,2,False,TW,AS3462 Data Communication Business Group
192.168.108.156,122.200.125.48,443,79.0,9.742,2,22885,222954,1,False,CN,AS4847 China Networks Inter-Exchange
192.168.108.156,123.233.233.140,443,351.0,8.432,4,34435,290364,3,False,CN,AS4837 CHINA UNICOM China169 Backbone
192.168.108.156,124.79.87.181,443,236.0,8.925,3,48472,432592,2,False,CN,AS4812 China Telecom Group
192.168.108.156,128.90.148.70,443,338.0,8.278,5,59440,492029,3,False,AT,AS22363 PHMGMT-AS1
192.168.108.156,130.255.12.108,443,186.0,11.531,3,47677,549778,3,False,RU,AS198185 LigaLink LLC
192.168.108.156,14.205.15.250,443,0.0,10.514,1,8910,93681,1,False,CN,AS4837 CHINA UNICOM China169 Backbone
192.168.108.156,144.52.13.127,443,0.0,9.296,1,14853,138071,1,False,CN,AS4134 Chinanet
192.168.108.156,146.120.20.22,443,632.0,6.517,6,80739,526146,3,False,RU,AS202533 MC Vybor Ltd.
192.168.108.156,146.158.63.192,443,300.0,7.903,3,46401,366718,2,False,RU,AS61390 Garant-G Ltd.
192.168.108.156,150.120.116.80,443,107.0,8.321,2,10151,84471,1,False,US,AS4152 USDA-1
192.168.108.156,151.252.107.51,443,413.0,9.03,5,54893,495665,3,False,RU,AS48479 KUBAN-TELECOM Ltd.
192.168.108.156,157.148.135.6,443,0.0,8.664,1,9824,85112,1,False,CN,AS134543 China Unicom Guangdong IP network
192.168.108.156,159.93.122.45,443,248.0,7.781,5,49064,381758,3,False,RU,AS2875 Joint Institute for Nuclear Research
192.168.108.156,160.19.212.24,443,123.0,8.412,2,17319,145694,2,False,CN,AS4808 China Unicom Beijing Province Network
192.168.108.156,163.171.190.77,443,0.0,10.047,1,12478,125365,1,False,MM,AS54994 QUANTILNETWORKS
192.168.108.156,164.138.12.170,443,122.0,8.966,3,20595,184656,2,False,RU,
192.168.108.156,17.87.241.127,443,171.0,9.003,3,28129,253252,2,False,CN,AS714 APPLE-ENGINEERING
192.168.108.156,17.87.245.244,443,111.0,9.511,2,16815,159934,2,False,CN,AS714 APPLE-ENGINEERING
192.168.108.156,176.108.140.55,443,0.0,9.71,1,13045,126669,1,False,US,AS32329 MONKEYBRAINS
192.168.108.156,176.121.62.138,443,145.0,6.994,2,15512,108497,1,False,RU,AS199021 Greenline Ltd.
192.168.108.156,176.32.179.44,443,368.0,7.766,6,85060,660554,5,False,RU,AS24739 JSC Severen-Telecom
192.168.108.156,176.53.187.224,443,244.0,7.77,3,30661,238222,2,False,RU,AS12722 RECONN LLC
192.168.108.156,176.59.25.235,443,160.0,8.692,2,21059,183042,2,False,RU,AS15378 T2 Mobile LLC
192.168.108.156,176.65.97.137,443,138.0,7.523,3,29240,219975,3,False,RU,AS13055 MTS PJSC
192.168.108.156,178.130.131.148,443,0.0,8.16,1,16179,132028,1,False,NL,AS57043 Hostkey B.v.
192.168.108.156,178.169.16.101,443,136.0,10.306,2,30522,314571,1,False,IR,
192.168.108.156,178.170.163.249,443,0.0,6.396,1,11171,71448,1,False,GL,AS8818 Tele Greenland
192.168.108.156,178.212.14.221,443,213.0,8.647,4,52726,455913,3,False,RU,AS41098 NetFox Ltd.
192.168.108.156,178.213.99.220,443,0.0,7.63,1,6848,52250,1,False,PL,AS51864 4Sync Solutions sp. z o.o. s. k.-a.
192.168.108.156,180.128.97.131,443,88.0,10.175,2,34819,354284,1,False,TH,AS23932 Internet Service Provider
192.168.108.156,185.1.162.89,443,67.0,6.461,2,29445,190234,2,False,RU,
192.168.108.156,185.1.76.86,443,52.0,11.205,2,21730,243484,2,False,RU,
192.168.108.156,185.105.108.141,443,293.0,8.061,3,30320,244407,2,False,NL,AS210079 EuroByte LLC
192.168.108.156,185.106.199.11,443,0.0,9.994,1,11469,114621,1,False,RU,
192.168.108.156,185.110.211.1,443,0.0,11.033,1,9919,109438,1,False,RU,AS196798 Mifril+ LLC
192.168.108.156,185.112.141.91,443,150.0,7.159,2,24919,178402,2,False,UA,AS204161 Alexey Geiner
192.168.108.156,185.112.143.112,443,426.0,8.091,5,54888,444073,3,False,UA,AS204161 Alexey Geiner
192.168.108.156,185.112.75.164,443,756.0,9.476,9,91305,865213,4,False,RU,
192.168.108.156,185.12.209.182,443,583.0,8.775,7,64461,565667,4,False,RU,AS12714 PJSC MegaFon
192.168.108.156,185.121.247.125,443,709.0,7.542,8,113833,858556,4,False,RU,AS24599 Joint-Stock Company MirTeleCom of name E.K. Pervishin
192.168.108.156,185.123.45.146,443,0.0,5.87,1,10108,59332,1,False,UA,AS201776 Miranda-Media Ltd
192.168.108.156,185.124.210.249,443,418.0,8.218,5,44298,364050,2,False,RU,
192.168.108.156,185.131.173.228,443,257.0,6.953,4,42476,295345,4,False,RU,AS15774 Limited Liability Company TTK-Svyaz
192.168.108.156,185.132.149.200,443,0.0,10.109,1,15405,155726,1,False,LB,
192.168.108.156,185.132.196.251,443,88.0,7.503,2,20153,151198,1,False,RU,AS51178 JSC Avantel
192.168.108.156,185.134.177.190,443,204.0,7.661,3,24932,191011,2,False,LB,AS50500 Bitar Net Sarl
192.168.108.156,185.139.15.225,443,189.0,10.472,2,26055,272845,1,False,LB,AS49020 FiberSkynet
192.168.108.156,185.149.120.103,443,35.0,11.116,2,19440,216095,2,False,RU,AS57724 Ddos-guard Ltd
192.168.108.156,185.152.135.52,443,104.0,10.543,2,14778,155804,2,False,RU,
192.168.108.156,185.156.75.19,443,185.0,7.115,3,38554,274293,2,False,RU,AS34665 Petersburg Internet Network ltd.
192.168.108.156,185.163.178.89,443,143.0,8.378,2,19840,166227,2,False,RU,
192.168.108.156,185.169.218.143,443,199.0,9.314,3,46058,428980,2,False,RU,
192.168.108.156,185.170.55.167,443,63.0,10.474,2,15904,166576,2,False,RU,AS50911 LLC Electron-Telecom
192.168.108.156,185.173.113.217,443,0.0,7.875,1,3872,30493,1,False,UA,AS51522 ONLINE LLC
192.168.108.156,185.173.115.7,443,363.0,6.805,4,48138,327593,3,False,UA,AS51522 ONLINE LLC
192.168.108.156,185.179.73.176,443,0.0,5.801,1,7128,41349,1,False,RU,AS30855 Tele-plus LLC
192.168.108.156,185.185.56.75,443,314.0,10.578,5,58942,623506,4,False,RU,AS48614 ITSOFT LLC
192.168.108.156,185.188.180.246,443,353.0,8.224,4,40892,336314,3,False,RU,AS50113 NTX Technologies s.r.o.
192.168.108.156,185.192.196.143,443,0.0,6.672,1,10357,69099,1,False,FI,AS202331 Nokian Renkaat Oyj
192.168.108.156,185.194.104.175,443,0.0,8.074,1,6474,52272,1,False,RU,AS64429 DDS Service LLC
192.168.108.156,185.194.32.131,443,0.0,7.852,1,5894,46282,1,False,RU,"AS49186 Federal State Institution Research and Development Institute Voskhod, FGAU"
192.168.108.156,185.197.12.208,443,565.0,8.193,6,64234,526272,3,False,RU,AS196847 Ojsc Sheremetyevo International Airport
192.168.108.156,185.202.111.176,443,274.0,7.906,3,33714,266540,2,False,RU,AS210135 Yug-Telecom-K Ltd.
192.168.108.156,185.207.254.98,443,273.0,7.731,4,60524,467905,3,False,RU,
192.168.108.156,185.209.240.22,443,274.0,7.29,3,35812,261071,3,False,RU,AS52193 Eurocontact Veliky Novgorod LLC
192.168.108.156,185.216.19.118,443,113.0,8.679,2,33431,290152,2,False,RU,AS205500 Mega Tec LLC
192.168.108.156,185.222.52.125,443,86.0,7.324,3,26540,194391,3,False,RU,AS41065 JSC RFI Bank
192.168.108.156,185.226.130.194,443,99.0,7.52,2,14474,108848,2,False,RU,AS12389 Rostelecom
192.168.108.156,185.226.244.126,443,265.0,6.798,3,28090,190954,2,False,RU,
192.168.108.156,185.235.95.229,443,359.0,8.095,7,68735,556388,5,False,RU,AS204891 LLC Crystal Service Integration
192.168.108.156,185.244.7.135,443,197.0,7.537,3,27769,209296,2,False,RU,AS34550 LLC Intercon
192.168.108.156,185.253.217.163,443,511.0,9.449,5,44023,415952,2,False,RU,AS34665 Petersburg Internet Network ltd.
192.168.108.156,185.253.42.236,443,41.0,8.874,2,18468,163886,2,False,UA,AS204108 S.U.E. DPR Republic Operator of Networks
192.168.108.156,185.27.41.64,443,398.0,7.959,6,62132,494538,4,False,NL,AS60671 Baggermaatschappij Boskalis B.V.
192.168.108.156,185.3.143.76,443,99.0,8.755,2,23652,207065,2,False,RU,AS49063 Dataline Ltd
192.168.108.156,185.36.63.180,443,360.0,9.666,5,59162,571886,3,False,RU,AS62423 JSC ER-Telecom Holding
192.168.108.156,185.38.28.180,443,105.0,8.555,2,40909,349986,1,False,LB,AS43056 iShack SAL
192.168.108.156,185.39.134.156,443,136.0,9.294,2,21051,195644,1,False,RU,
192.168.108.156,185.40.2.255,443,274.0,7.724,3,36777,284052,2,False,RU,
192.168.108.156,185.42.165.58,443,97.0,9.116,3,28472,259559,3,False,RU,
192.168.108.156,185.44.239.32,443,98.0,7.805,2,25136,196174,2,False,RU,AS41123 Gorodskie Telekommunikatsionnye Sistemy LLC
192.168.108.156,185.47.55.216,443,0.0,8.79,1,12832,112794,1,False,RU,AS56534 Comfortel Ltd.
192.168.108.156,185.48.17.208,443,101.0,9.793,2,24762,242493,2,False,RU,AS57487 Advanced Solutions LLC
192.168.108.156,185.5.74.245,443,114.0,7.592,2,34565,262417,2,False,CY,AS35000 JSC Severen-Telecom
192.168.108.156,185.50.27.147,443,140.0,9.601,2,15864,152310,1,False,RU,AS198610 Beget LLC
192.168.108.156,185.54.253.189,443,87.0,8.772,2,19263,168976,2,False,KG,AS8449 ElCat Ltd.
192.168.108.156,185.55.173.230,443,198.0,8.913,3,28242,251728,2,False,RU,AS25227 JSC Avantel
192.168.108.156,185.58.188.25,443,169.0,8.687,3,31090,270092,3,False,RU,AS209284 Egs-telecom.kaluga LLC
192.168.108.156,185.58.255.242,443,128.0,9.353,3,23928,223789,3,False,RU,AS59740 City Networks Ltd
192.168.108.156,185.6.231.239,443,0.0,9.61,1,19800,190276,1,False,RU,AS41302 KVS Ltd
192.168.108.156,185.61.193.41,443,0.0,4.873,1,9888,48182,1,False,RU,
192.168.108.156,185.63.62.154,443,450.0,7.582,5,62470,473664,3,False,RU,AS201794 OJSC Mosinzhproekt
192.168.108.156,185.67.162.234,443,51.0,9.435,2,16086,151767,2,False,RU,AS59883 Global Telecom LLC
192.168.108.156,185.7.147.221,443,0.0,11.935,1,6603,78805,1,False,RU,AS24739 JSC Severen-Telecom
192.168.108.156,185.71.65.248,443,109.0,9.225,2,16170,149161,1,False,RU,AS56552 Storm Systems LLC
192.168.108.156,185.73.124.23,443,515.0,9.102,7,95838,872347,4,False,EE,AS208091 Xhost Internet Solutions Lp
192.168.108.156,185.86.163.77,443,228.0,8.435,3,24954,210478,3,False,LB,AS48629 ICLIK SARL
192.168.108.156,185.96.87.242,443,0.0,5.641,1,9268,52281,1,False,RU,AS48096 Enterprise Cloud Ltd.
192.168.108.156,185.99.223.67,443,0.0,11.919,1,15571,185595,1,False,LB,AS31587 AHN s.a.r.l
192.168.108.156,188.119.120.53,443,337.0,9.37,5,46609,436742,3,False,RU,AS48430 Perviy TSOD LLC
192.168.108.156,188.120.225.132,443,4.0,10.022,2,18439,184803,2,False,RU,AS29182 JSC IOT
192.168.108.156,188.127.23.109,443,433.0,6.836,6,60916,416393,3,False,PL,AS41809 Enterpol Sp. z o.o.
192.168.108.156,188.190.119.52,443,0.0,10.444,1,37253,389064,1,False,RU,AS34241 New Communication Technologies LLC
192.168.108.156,188.190.96.239,443,182.0,9.227,2,27907,257500,1,False,UZ,AS43268 Science Network Solution LLC
192.168.108.156,188.244.220.88,443,177.0,7.94,2,12643,100387,2,False,RU,AS15774 Limited Liability Company TTK-Svyaz
192.168.108.156,188.246.162.43,443,0.0,7.343,1,12300,90317,1,False,RU,AS8595 OOO WestCall Ltd.
192.168.108.156,188.65.209.236,443,147.0,10.643,2,19855,211311,2,False,RU,AS6719 Limited Liability Company KNOPP
192.168.108.156,188.72.102.34,443,208.0,8.357,3,32048,267831,2,False,IE,AS58272 LeaderTelecom B.V.
192.168.108.156,188.75.50.224,443,175.0,9.294,3,30705,285363,2,False,RU,AS48209 Ooo Lancronix
192.168.108.156,192.144.18.189,443,486.0,8.905,5,46616,415136,3,False,RU,AS57271 BitWeb LLC
192.168.108.156,192.148.166.187,443,0.0,5.032,1,21857,109991,1,False,AU,AS2148 Federal State Budgetary Institution Institute of Theoretical and Experimental Physics named a
192.168.108.156,192.166.120.60,443,504.0,8.524,5,62857,535820,3,False,PL,AS29314 Vectra S.A.
192.168.108.156,193.104.207.208,443,65.0,7.09,2,9437,66904,2,False,RU,AS42974 CJSC Sberbank-AST
192.168.108.156,193.104.26.51,443,430.0,9.865,4,30090,296824,3,False,DE,AS20755 net-lab GmbH
192.168.108.156,193.105.198.153,443,329.0,7.149,3,44867,320750,1,False,RU,AS50725 PJSC Rosseti Siberia
192.168.108.156,193.105.59.120,443,260.0,7.383,5,44470,328342,4,False,RU,AS50473 Altagen JSC
192.168.108.156,193.107.40.103,443,570.0,8.551,6,40023,342248,2,False,UA,AS60721 Bursabil Teknoloji A.S.
192.168.108.156,193.107.61.88,443,702.0,8.594,8,76644,658684,3,False,RU,AS42393 Svyaz-Kontrakt LLC
192.168.108.156,193.109.85.248,443,124.0,8.374,2,30045,251603,2,False,RU,AS209641 I-servers Ltd
192.168.108.156,193.150.52.115,443,53.0,12.519,2,24593,307876,2,False,RU,AS59533 Lukjanova Lydia Andreevna PE
192.168.108.156,193.151.225.253,443,279.0,6.496,3,45492,295504,2,False,RU,AS43628 ATD LLC
192.168.108.156,193.160.210.199,443,0.0,5.632,1,12337,69483,1,False,RU,AS200644 Joint Stock Company Space rocket centre Progress
192.168.108.156,193.164.146.61,443,120.0,7.296,3,31959,233186,3,False,RU,AS41551 VTB Bank (Public Joint-Stock Company)
192.168.108.156,193.169.235.173,443,201.0,8.567,3,33791,289473,2,False,NL,AS62283 DFW LLC
192.168.108.156,193.176.239.219,443,0.0,8.946,1,5254,47004,1,False,KG,AS213173 NSP LLC
192.168.108.156,193.187.145.47,443,261.0,7.855,3,23069,181217,3,False,RU,AS49505 OOO Network of data-centers Selectel
192.168.108.156,193.194.105.19,443,88.0,8.988,3,23355,209918,2,False,RU,
192.168.108.156,193.233.133.119,443,0.0,7.908,1,3926,31046,1,False,US,AS199264 Joint Stock Company Solnechnogorsk Plant EUROPLAST
192.168.108.156,193.238.44.141,443,0.0,6.852,1,12278,84126,1,False,RU,AS201624 ARANEA LLC
192.168.108.156,193.254.3.211,443,241.0,10.381,2,15255,158360,1,False,RU,"AS34559 SvyazResurs-Region, ltd"
192.168.108.156,193.30.96.191,443,175.0,8.919,3,25779,229929,2,False,LB,AS201107 Giacom S.a.r.l
192.168.108.156,193.34.126.145,443,259.0,7.954,4,42370,336996,2,False,RU,AS29363 OOO 'RUS'
192.168.108.156,193.37.224.128,443,0.0,7.274,1,7741,56307,1,False,RU,AS52052 Broadcasting Company KTV Plus LLC
192.168.108.156,193.41.77.16,443,249.0,9.07,5,69559,630892,3,False,RU,AS51904 Utex-Telecom LLC
192.168.108.156,193.46.77.13,443,0.0,5.893,1,15832,93304,1,False,RU,AS43605 OJSC Sever Tele Radio Communication
192.168.108.156,193.56.202.185,443,126.0,7.273,2,55416,403056,2,False,RU,AS199024 JSC TH Russkiy Kholod
192.168.108.156,194.0.122.226,443,285.0,10.397,4,37524,390152,3,False,RU,"AS8410 NovInvestRezerv, LLC"
192.168.108.156,194.110.9.201,443,148.0,8.765,2,20941,183554,2,False,RU,AS201211 LLC Tvoi Telecom
192.168.108.156,194.135.1.43,443,0.0,7.058,1,13295,93838,1,False,UA,AS47203 JSC CrimeaTelecom
192.168.108.156,194.135.158.28,443,118.0,5.76,3,35752,205918,3,False,AZ,
192.168.108.156,194.147.246.100,443,345.0,8.849,4,44498,393785,3,False,RU,AS197733 LLC ATK Telecom
192.168.108.156,194.147.27.112,443,115.0,6.186,2,17217,106506,2,False,IT,AS200345 Samtel Network Srl
192.168.108.156,194.165.50.146,443,148.0,9.436,2,13024,122894,1,False,RU,AS198274 IT Kvartal Telecom Ltd.
192.168.108.156,194.24.173.75,443,0.0,8.785,1,8779,77123,1,False,RU,
192.168.108.156,194.24.241.174,443,261.0,8.062,3,24525,197713,2,False,RU,AS25408 JSC ER-Telecom Holding
192.168.108.156,194.242.122.106,443,0.0,6.441,1,10674,68746,1,False,RU,AS51219 Closed Joint Stock Company CROC incorporated
192.168.108.156,194.28.63.128,443,171.0,7.808,3,28838,225174,3,False,RU,AS196638 Allotelecom LLC
192.168.108.156,194.30.190.52,443,0.0,11.847,1,10202,120867,1,False,RU,"AS42069 AB InBev Efes, JSC"
192.168.108.156,194.41.115.75,443,107.0,8.384,2,17233,144482,2,False,RU,
192.168.108.156,194.5.9.2,443,46.0,6.315,2,21211,133938,2,False,RU,AS49505 OOO Network of data-centers Selectel
192.168.108.156,194.50.190.132,443,172.0,9.638,2,28337,273116,1,False,RU,AS35913 DEDIPATH-LLC
192.168.108.156,194.50.72.241,443,0.0,9.022,1,7280,65677,1,False,RU,AS43260 Dgn Teknoloji A.s.
192.168.108.156,194.8.245.198,443,77.0,11.4,2,12862,146623,2,False,DK,AS21060 Atea A/S
192.168.108.156,194.8.55.63,443,192.0,8.104,4,48712,394758,2,False,RU,"AS29603 Commercial Bank Capital Kredit, Ltd"
192.168.108.156,194.84.1.136,443,57.0,7.327,2,25383,185985,2,False,RU,AS2854 LLC Orange Business Services
192.168.108.156,194.87.15.126,443,136.0,7.622,3,31844,242712,3,False,CZ,AS41082 Company Uraltranskom Ltd.
192.168.108.156,194.9.26.240,443,0.0,9.254,1,3047,28198,1,False,UA,AS28761 CrimeaCom South LLC
192.168.108.156,195.14.118.233,443,157.0,8.692,2,15279,132803,1,False,RU,AS12389 Rostelecom
192.168.108.156,195.14.123.245,443,0.0,7.43,1,4777,35495,1,False,RU,AS61400 Start LLC
192.168.108.156,195.14.47.57,443,0.0,8.869,1,11650,103322,1,False,RU,AS8402 PVimpelCom
192.168.108.156,195.16.118.225,443,0.0,5.121,1,15012,76878,1,False,RU,AS25159 PJSC MegaFon
192.168.108.156,195.18.27.48,443,82.0,10.458,2,26190,273902,2,False,RU,AS43278 Castles LLC
192.168.108.156,195.191.10.217,443,143.0,10.498,2,14888,156298,2,False,RU,AS12714 PJSC MegaFon
192.168.108.156,195.191.251.15,443,89.0,8.998,2,15631,140649,1,False,RU,AS50717 OOO Fortis
192.168.108.156,195.20.140.188,443,792.0,8.006,8,93476,748415,3,False,RU,AS52141 Delrus Ltd.
192.168.108.156,195.211.248.217,443,0.0,8.521,1,4161,35455,1,False,RU,AS58136 OOO RGTS Parus
192.168.108.156,195.234.130.27,443,0.0,8.275,1,7134,59037,1,False,RU,AS57620 JSC Avantel
192.168.108.156,195.238.115.219,443,124.0,6.802,4,39616,269476,3,False,UA,AS57460 PE Scherban Evgeniy Aleksandrovich
192.168.108.156,195.246.244.162,443,228.0,7.037,3,44645,314161,2,False,CH,AS196651 KSD Datenverarbeitung
192.168.108.156,195.26.81.225,443,163.0,8.543,2,13799,117886,1,False,UA,AS28761 CrimeaCom South LLC
192.168.108.156,195.42.165.206,443,119.0,7.412,3,46435,344165,3,False,RU,AS8515 CJSC DataForce IP
192.168.108.156,195.54.196.87,443,167.0,7.504,3,24280,182203,2,False,RU,AS8331 JSC ER-Telecom Holding
192.168.108.156,195.70.210.49,443,0.0,9.485,1,5557,52709,1,False,RU,AS5495 Saint Petersburg State University
192.168.108.156,195.88.16.219,443,103.0,8.508,3,38710,329364,3,False,RU,AS41143 OOO Ob-Telecom
192.168.108.156,195.93.187.187,443,67.0,9.876,2,17471,172544,2,False,RU,AS44310 Internet Technologies LLC
192.168.108.156,195.93.207.69,443,222.0,6.58,3,41124,270605,3,False,RU,AS44380 Smart Telecom Limited
192.168.108.156,195.96.150.129,443,203.0,7.438,2,40176,298827,1,False,RU,AS212667 RECONN LLC
192.168.108.156,2.20.254.163,443,387.0,8.754,4,39851,348849,3,False,RU,AS20940 Akamai International B.V.
192.168.108.156,202.12.0.2,443,0.0,5.978,1,20908,124981,1,False,NZ,"AS18021 Unisys NZ, IT Outsourcer"
192.168.108.156,202.143.96.32,443,0.0,8.764,1,9611,84235,1,False,IN,AS18229 CtrlS
192.168.108.156,202.4.255.234,443,168.0,10.41,3,32433,337638,3,False,CN,AS4808 China Unicom Beijing Province Network
192.168.108.156,203.195.82.0,443,167.0,6.795,2,35555,241606,1,False,CN,AS58519 Cloud Computing Corporation
192.168.108.156,203.34.106.48,443,0.0,10.519,1,7922,83334,1,False,AU,AS4134 Chinanet
192.168.108.156,203.34.39.153,443,558.0,7.143,5,54289,387800,2,False,CN,AS4134 Chinanet
192.168.108.156,203.56.82.10,443,103.0,7.29,2,29901,217972,2,False,CN,AS58519 Cloud Computing Corporation
192.168.108.156,206.1.110.26,443,944.0,7.957,9,95452,759558,3,False,US,AS174 COGENT-174
192.168.108.156,207.117.121.33,443,294.0,6.965,3,28911,201377,2,False,US,AS3300 British Telecommunications PLC
192.168.108.156,212.11.148.89,443,0.0,8.375,1,9393,78671,1,False,RU,AS8901 GKU Mosgortelecom
192.168.108.156,212.13.110.129,443,197.0,8.957,3,30100,269610,3,False,RU,AS8615 Central Telegraph Public Joint-stock Company
192.168.108.156,212.15.99.98,443,113.0,8.318,2,30861,256694,2,False,RU,AS8615 Central Telegraph Public Joint-stock Company
192.168.108.156,212.20.21.117,443,0.0,4.688,1,8691,40747,1,False,RU,AS12389 Rostelecom
192.168.108.156,212.22.69.155,443,293.0,7.417,5,36451,270364,4,False,RU,AS51559 Netinternet Bilisim Teknolojileri AS
192.168.108.156,212.34.114.172,443,357.0,11.312,5,62221,703858,3,False,RU,AS12389 Rostelecom
192.168.108.156,212.40.200.169,443,464.0,9.555,5,61110,583884,3,False,RU,AS209084 Bank of Russia
192.168.108.156,212.7.103.84,443,0.0,11.585,1,6916,80123,1,False,RU,
192.168.108.156,212.92.182.187,443,0.0,11.393,1,13676,155812,1,False,RU,AS8371 PVimpelCom
192.168.108.156,213.131.11.76,443,525.0,9.141,8,92283,843565,4,False,RU,AS12925 Federal State Budgetary Educational Institution of Higher Education Lomonosov Moscow State U
192.168.108.156,213.135.32.95,443,395.0,9.783,4,31511,308272,2,False,PL,AS15665 Instytut Geofizyki PAN
192.168.108.156,213.183.53.132,443,247.0,8.271,3,34622,286342,3,False,RU,AS56630 Melbikomas UAB
192.168.108.156,213.21.26.80,443,515.0,8.012,7,93340,747885,3,False,RU,AS39102 Global Network Management Inc
192.168.108.156,217.13.209.1,443,427.0,9.197,5,61292,563689,3,False,RU,AS12494 OOO Post ltd
192.168.108.156,217.147.9.252,443,178.0,8.874,3,28817,255730,2,False,UA,AS201776 Miranda-Media Ltd
192.168.108.156,217.150.81.243,443,0.0,8.661,1,6202,53715,1,False,LB,AS60398 Communication and International Trading Company S.A.R.L
192.168.108.156,217.170.213.151,443,179.0,8.729,3,19289,168381,2,False,RU,AS8905 Digit One LLC
192.168.108.156,217.170.214.83,443,0.0,12.721,1,12715,161745,1,False,RU,AS8905 Digit One LLC
192.168.108.156,217.173.26.6,443,0.0,9.395,1,5917,55592,1,False,RU,AS8359 MTS PJSC
192.168.108.156,217.25.212.21,443,390.0,8.495,6,92223,783413,4,False,RU,AS47165 Omskie kabelnye seti Ltd.
192.168.108.156,217.79.22.202,443,393.0,8.342,4,41938,349829,3,False,RU,AS30852 JSC Volgainformnet
192.168.108.156,221.131.56.5,443,245.0,8.198,3,28969,237496,2,False,CN,AS56042 China Mobile communications corporation
192.168.108.156,222.125.64.83,443,0.0,9.865,1,11707,115492,1,False,CN,AS17962 ShenZhen Topway Video Communication Co. Ltd
192.168.108.156,223.125.191.51,443,45.0,7.469,2,20050,149745,2,False,CN,"AS9808 China Mobile Communications Group Co., Ltd."
192.168.108.156,27.109.126.104,443,0.0,9.364,1,14961,140097,1,False,CN,AS4811 China Telecom Group
192.168.108.156,27.145.242.148,443,0.0,10.887,1,10697,116456,1,False,TH,AS17552 True Online
192.168.108.156,31.129.111.252,443,325.0,7.488,4,44875,336044,3,False,RU,AS198610 Beget LLC
192.168.108.156,31.15.17.35,443,0.0,5.291,1,3868,20467,1,False,RU,
192.168.108.156,31.40.126.203,443,19.0,10.491,2,20969,219986,2,False,RU,AS56761 MTS PJSC
192.168.108.156,31.40.203.243,443,252.0,8.815,4,40148,353920,3,False,RU,AS35048 Biterika Group LLC
192.168.108.156,31.42.90.166,443,289.0,9.609,4,40555,389687,3,False,LV,AS24589 Telenet SIA
192.168.108.156,37.114.22.229,443,0.0,10.245,1,3396,34792,1,False,RU,AS41341 Joint Stock Company TransTeleCom
192.168.108.156,37.114.23.69,443,108.0,6.88,2,29139,200466,2,False,RU,AS41341 Joint Stock Company TransTeleCom
192.168.108.156,37.114.25.52,443,8.0,8.236,2,17607,145019,2,False,RU,AS41341 Joint Stock Company TransTeleCom
192.168.108.156,37.139.50.242,443,184.0,9.445,3,44008,415665,2,False,RU,AS205454 CDS Ltd
192.168.108.156,37.140.133.61,443,0.0,7.172,1,16900,121205,1,False,RU,AS13238 YANDEX LLC
192.168.108.156,37.18.36.63,443,323.0,6.811,4,39882,271644,2,False,KG,AS207250 The National Bank of the Kyrgyz Republic
192.168.108.156,37.230.172.18,443,286.0,8.87,5,52663,467138,4,False,SK,
192.168.108.156,37.44.198.13,443,381.0,9.416,5,58697,552664,3,False,RU,AS62300 Intercom LLC
192.168.108.156,42.6.4.14,443,305.0,10.963,4,32185,352831,2,False,CN,AS4837 CHINA UNICOM China169 Backbone
192.168.108.156,43.224.15.7,443,0.0,10.383,1,30484,316521,1,False,CN,AS4837 CHINA UNICOM China169 Backbone
192.168.108.156,43.224.25.113,443,107.0,7.03,4,33794,237557,3,False,CN,AS4837 CHINA UNICOM China169 Backbone
192.168.108.156,43.227.14.168,443,359.0,7.436,4,33702,250602,2,False,MM,AS136480 Myanmar Unilink Communication Company Limited
192.168.108.156,43.229.130.66,443,729.0,9.434,7,77139,727754,3,False,SG,AS38532 Exabytes Network Singapore Pte. Ltd.
192.168.108.156,43.240.58.64,443,18.0,7.08,2,16686,118141,2,False,CN,AS4837 CHINA UNICOM China169 Backbone
192.168.108.156,43.242.179.96,443,87.0,9.375,2,21791,204299,2,False,PK,AS58893 Gemnet Enterprise Solutions Pvt Ltd
192.168.108.156,43.251.101.120,443,155.0,7.091,3,38639,273986,2,False,CN,"AS136160 Beijing Shijihulian Yuntong Network Technology Co., Ltd."
192.168.108.156,45.11.214.218,443,0.0,7.264,1,11657,84674,1,False,RU,AS50556 OOO KISS
192.168.108.156,45.11.76.100,443,170.0,7.913,3,37337,295433,2,False,GB,AS55933 Cloudie Limited
192.168.108.156,45.131.58.30,443,135.0,9.248,2,39454,364882,2,False,RU,AS48642 Joint stock company For
192.168.108.156,45.134.181.41,443,0.0,7.626,1,14847,113220,1,False,RU,AS35048 Biterika Group LLC
192.168.108.156,45.134.53.73,443,79.0,11.353,2,30602,347430,1,False,RU,AS35751 Internet Tekhnologii LLC
192.168.108.156,45.136.145.229,443,445.0,7.508,4,41198,309296,2,False,RU,AS49394 BusinessInterSoft LLC
192.168.108.156,45.137.113.29,443,160.0,9.983,3,32812,327569,3,False,RU,AS205638 Tinkoff Bank JSC
192.168.108.156,45.141.101.41,443,188.0,8.159,3,33099,270057,2,False,RU,AS48347 JSC Mediasoft ekspert
192.168.108.156,45.141.103.213,443,0.0,7.17,1,5650,40509,1,False,RU,AS48347 JSC Mediasoft ekspert
192.168.108.156,45.142.84.7,443,134.0,5.236,2,20972,109800,1,False,LB,AS43004 Smart Secure Solutions S.A.R.L.
192.168.108.156,45.143.154.105,443,0.0,8.921,1,7976,71152,1,False,GB,AS204957 Green Floid LLC
192.168.108.156,45.146.64.227,443,165.0,8.302,3,33764,280300,2,False,RU,AS50374 Siberian Internet Company LLC
192.168.108.156,45.15.115.213,443,227.0,7.267,3,16056,116683,2,False,RU,"AS12737 KrasPromStroy, LLC"
192.168.108.156,45.151.90.60,443,0.0,5.485,1,6199,33999,1,False,US,AS20454 SSASN2
192.168.108.156,45.152.136.115,443,226.0,7.936,4,28948,229745,2,False,AU,AS50340 OOO Network of data-centers Selectel
192.168.108.156,45.156.0.153,443,350.0,7.317,3,46226,338250,2,False,RU,
192.168.108.156,45.158.235.233,443,230.0,10.064,3,37038,372753,2,False,RU,AS44270 TC TOR LLC
192.168.108.156,45.67.230.208,443,401.0,7.717,5,52610,405993,3,False,RU,AS44477 Stark Industries Solutions Ltd
192.168.108.156,45.84.84.117,443,0.0,9.416,1,23784,223951,1,False,RU,AS208777 Lankey Information Technologies LLC
192.168.108.156,45.87.104.113,443,105.0,8.129,2,36024,292856,2,False,RU,AS212872 Serverio technologijos MB
192.168.108.156,45.88.54.162,443,0.0,7.09,1,10255,72712,1,False,RU,AS208701 trk amos LLC
192.168.108.156,45.93.156.54,443,395.0,9.157,4,41957,384184,3,False,RU,AS209687 KVANT LLC
192.168.108.156,45.95.200.233,443,114.0,9.227,2,32130,296461,2,False,RU,AS199726 Stroylandiya.ru LLC
192.168.108.156,46.138.165.21,443,321.0,9.164,4,36927,338405,3,False,RU,AS25513 PJSC Moscow city telephone network
192.168.108.156,46.16.228.243,443,98.0,7.951,2,11028,87687,2,False,RU,AS44391 JSC Elektrosvyaz
192.168.108.156,46.161.10.78,443,634.0,9.777,7,81723,799019,3,False,RU,AS34665 Petersburg Internet Network ltd.
192.168.108.156,46.20.101.111,443,401.0,9.125,6,58586,534594,3,False,LB,AS34458 Smart Networks S.a.r.l
192.168.108.156,46.252.125.125,443,0.0,7.798,1,17409,135756,1,False,RU,AS41727 JSC ER-Telecom Holding
192.168.108.156,46.28.90.138,443,57.0,9.155,3,44493,407349,3,False,RU,AS25227 JSC Avantel
192.168.108.156,46.29.211.87,443,4.0,8.467,2,7247,61357,2,False,RU,AS44300 LLC IPLS
192.168.108.156,46.31.28.190,443,478.0,8.939,5,38117,340739,3,False,RU,AS29124 Iskratelecom CJSC
192.168.108.156,46.34.134.52,443,0.0,7.663,1,27032,207139,1,False,RU,AS8492 OBIT Ltd.
192.168.108.156,46.46.169.251,443,0.0,7.257,1,8211,59591,1,False,RU,AS29470 JSC RetnNet
192.168.108.156,46.8.154.20,443,63.0,9.806,2,35781,350876,2,False,RU,AS35048 Biterika Group LLC
192.168.108.156,46.8.157.221,443,0.0,8.187,1,13667,111893,1,False,RU,AS35048 Biterika Group LLC
192.168.108.156,47.246.164.234,443,535.0,8.409,7,94450,794245,4,False,US,"AS45102 Alibaba US Technology Co., Ltd."
192.168.108.156,47.246.2.180,443,323.0,8.019,5,87239,699528,3,False,RU,"AS24429 Zhejiang Taobao Network Co.,Ltd"
192.168.108.156,47.246.73.180,443,607.0,7.639,6,51442,392983,2,False,SG,"AS45102 Alibaba US Technology Co., Ltd."
192.168.108.156,47.89.71.178,443,118.0,10.389,4,51647,536542,4,False,US,"AS45102 Alibaba US Technology Co., Ltd."
192.168.108.156,49.208.203.145,443,60.0,8.165,2,30921,252461,2,False,CN,AS4538 China Education and Research Network Center
192.168.108.156,5.100.93.225,443,112.0,8.258,2,21922,181031,1,False,RU,AS42038 Krivets Sergey Sergeevich
192.168.108.156,5.182.54.48,443,132.0,9.174,2,19556,179403,2,False,RU,AS43045 Svyaz-Holding Ltd.
192.168.108.156,5.183.181.61,443,218.0,7.13,3,30493,217422,2,False,RU,AS202486 TSK LLC
192.168.108.156,5.188.3.17,443,245.0,8.835,4,38707,341986,3,False,RU,AS210756 EdgeCenter LLC
192.168.108.156,5.255.243.17,443,0.0,9.386,1,10823,101590,1,False,RU,AS13238 YANDEX LLC
192.168.108.156,5.57.212.139,443,0.0,11.148,1,5402,60219,1,False,RU,
192.168.108.156,5.59.245.65,443,80.0,8.081,2,22494,181770,1,False,RU,AS34959 Kviktel LLC
192.168.108.156,62.112.103.72,443,0.0,7.816,1,14616,114234,1,False,RU,AS25513 PJSC Moscow city telephone network
192.168.108.156,62.141.92.217,443,294.0,8.556,5,55394,473936,4,False,RU,AS3216 PVimpelCom
192.168.108.156,62.152.197.113,443,131.0,8.379,3,35690,299057,3,False,RU,
192.168.108.156,62.182.91.58,443,168.0,6.311,2,22347,141030,2,False,RU,AS25408 JSC ER-Telecom Holding
192.168.108.156,62.231.26.74,443,174.0,8.969,2,47653,427382,2,False,RU,AS44315 Grandconsult Ltd
192.168.108.156,77.221.193.57,443,0.0,9.482,1,5015,47553,1,False,RU,AS42676 Joint Stock Company Smartkom
192.168.108.156,77.233.170.221,443,286.0,9.072,5,48904,443645,4,False,RU,AS29648 PJSC MegaFon
192.168.108.156,77.39.113.66,443,0.0,10.062,1,9658,97179,1,False,RU,AS12683 Rostelecom
192.168.108.156,77.73.55.233,443,0.0,8.654,1,20872,180627,1,False,RU,AS42526 Computer Communication Systems LLC
192.168.108.156,77.82.124.234,443,151.0,8.291,3,36260,300617,2,False,RU,AS34974 Rostelecom
192.168.108.156,77.87.116.221,443,238.0,7.252,3,25738,186644,2,False,RU,AS29069 Rostelecom
192.168.108.156,77.95.132.47,443,180.0,8.943,3,29572,264467,3,False,RU,AS43226 SafeData LLC
192.168.108.156,78.109.46.198,443,0.0,5.433,1,4825,26215,1,False,RU,AS39811 MTS PJSC
192.168.108.156,78.111.81.206,443,8.0,9.23,2,14389,132806,2,False,RU,AS35000 JSC Severen-Telecom
192.168.108.156,78.136.212.167,443,293.0,8.001,5,39614,316938,4,False,RU,
192.168.108.156,78.24.182.168,443,167.0,8.326,2,22944,191029,2,False,RU,AS35377 OOO ZVI Telecom
192.168.108.156,78.40.176.168,443,256.0,6.238,3,33202,207129,2,False,LB,AS43824 Masco Group LLC
192.168.108.156,78.41.176.44,443,0.0,8.23,1,9544,78548,1,False,RU,AS43521 Recom LLC
192.168.108.156,79.171.115.131,443,0.0,5.39,1,5961,32130,1,False,RU,AS43874 DalCOMTEL LLC
192.168.108.156,80.240.241.150,443,0.0,9.858,1,4878,48085,1,False,RU,AS35516 Rostelecom
192.168.108.156,80.248.155.100,443,259.0,8.186,4,69152,566099,3,False,RU,AS12380 Rostelecom
192.168.108.156,80.249.131.194,443,89.0,10.739,2,40130,430947,2,False,RU,AS49505 OOO Network of data-centers Selectel
192.168.108.156,80.66.65.69,443,155.0,8.038,2,38195,307026,2,False,RU,AS212461 Nemtcov Nikolai Alexandrovich
192.168.108.156,80.68.156.233,443,0.0,8.665,1,6583,57042,1,False,RU,AS49392 LLC Baxet
192.168.108.156,80.73.26.181,443,157.0,8.36,3,27518,230051,2,False,RU,AS34500 FGUP CTSPI MGA Russia
192.168.108.156,80.83.206.217,443,120.0,10.552,2,35937,379192,2,False,RU,AS29072 Regional Digital Telecommunication Company LLC
192.168.108.156,81.199.114.36,443,0.0,12.907,1,3672,47394,1,False,MM,AS139719 Yar Chang Company Limited
192.168.108.156,81.222.117.252,443,86.0,7.637,2,40555,309714,2,False,RU,AS3216 PVimpelCom
192.168.108.156,82.112.15.0,443,550.0,8.484,4,83480,708284,2,False,RU,AS29304 Jsc Satis-tl-94
192.168.108.156,82.137.155.72,443,0.0,7.59,1,5830,44248,1,False,RU,AS3267 Federal State Institution Federal Scientific Research Institute for System Analysis of the Ru
192.168.108.156,82.200.120.206,443,0.0,8.485,1,10634,90231,1,False,RU,AS21127 Joint Stock Company TransTeleCom
192.168.108.156,84.18.122.197,443,0.0,9.112,1,5839,53203,1,False,RU,AS28840 Pjsc tattelecom
192.168.108.156,84.244.34.187,443,328.0,5.75,5,95410,548644,3,False,RU,AS51645 JSC ER-Telecom Holding
192.168.108.156,84.47.134.57,443,0.0,10.925,1,10724,117155,1,False,RU,AS8641 LLC Nauka-Svyaz
192.168.108.156,85.112.95.215,443,0.0,11.134,1,5689,63341,1,False,LB,AS39010 TerraNet sal
192.168.108.156,85.208.84.26,443,0.0,9.954,1,20785,206886,1,False,RU,AS34665 Petersburg Internet Network ltd.
192.168.108.156,85.209.146.22,443,0.0,4.738,1,4338,20552,1,False,RU,
192.168.108.156,86.62.54.196,443,64.0,10.708,2,23151,247902,2,False,RU,AS9009 M247 Europe SRL
192.168.108.156,88.81.219.17,443,153.0,8.439,4,42449,358212,2,False,RU,AS28947 ZAO InT
192.168.108.156,88.87.90.245,443,93.0,10.429,2,23022,240087,2,False,RU,AS39435 JSC ER-Telecom Holding
192.168.108.156,89.221.230.133,443,0.0,5.401,1,10657,57557,1,False,RU,
192.168.108.156,89.249.218.149,443,0.0,8.46,1,17876,151232,1,False,LB,AS41833 Moscanet SAL
192.168.108.156,89.254.204.189,443,275.0,7.197,4,45998,331030,2,False,RU,AS12389 Rostelecom
192.168.108.156,91.105.149.96,443,196.0,9.31,3,26425,246016,2,False,RU,AS21127 Joint Stock Company TransTeleCom
192.168.108.156,91.106.200.174,443,156.0,8.289,2,13656,113192,1,False,RU,AS198610 Beget LLC
192.168.108.156,91.109.70.97,443,0.0,6.913,1,10405,71927,1,False,RU,AS49779 Joint-Stock Company Investpribor
192.168.108.156,91.132.226.208,443,132.0,10.665,3,34487,367797,3,False,AU,AS49392 LLC Baxet
192.168.108.156,91.190.156.245,443,233.0,8.939,3,38789,346717,2,False,RU,AS61276 Vichislitelniy Centr Ltd.
192.168.108.156,91.192.148.119,443,0.0,6.886,1,3399,23404,1,False,RU,AS42481 Rambler Internet Holding LLC
192.168.108.156,91.194.226.231,443,0.0,8.306,1,8214,68225,1,False,RU,AS43399 Tinkoff Bank JSC
192.168.108.156,91.195.127.139,443,144.0,7.438,2,23278,173146,1,False,RU,AS43727 Jsc Kvant-telekom
192.168.108.156,91.196.73.209,443,79.0,9.148,3,52087,476513,3,False,RU,AS43267 Vysokie tehnologii Limited Liability Company
192.168.108.156,91.201.108.251,443,0.0,10.111,1,14719,148831,1,False,RU,AS29031 Lugansk Telephone Company
192.168.108.156,91.202.166.188,443,113.0,11.005,2,22034,242480,1,False,RU,AS9122 Technoelektroservis Ltd.
192.168.108.156,91.205.146.193,443,237.0,10.145,4,37532,380773,4,False,RU,AS47923 LanCraft Ltd.
192.168.108.156,91.205.210.136,443,176.0,8.491,3,33595,285263,2,False,RU,AS47996 Kommunikatsyi Stels Ltd.
192.168.108.156,91.206.11.92,443,0.0,4.807,1,12721,61150,1,False,CH,AS3303 Bluewin
192.168.108.156,91.206.120.38,443,0.0,9.918,1,21280,211058,1,False,RU,AS42056 Ministry for Economic Development of the Russian Federation
192.168.108.156,91.207.9.200,443,225.0,8.37,3,29015,242854,2,False,RU,
192.168.108.156,91.208.252.122,443,632.0,6.323,6,53632,339113,3,False,GB,AS30417 BTIG-LLC
192.168.108.156,91.208.253.139,443,479.0,7.129,5,61554,438829,3,False,RU,AS48032 UMS LLC
192.168.108.156,91.209.233.223,443,178.0,8.123,3,30415,247054,2,False,RU,AS51780 Fgbu Vniikr
192.168.108.156,91.213.158.4,443,383.0,10.589,4,48626,514903,2,False,RU,AS49684 LLC OSK
192.168.108.156,91.215.176.89,443,0.0,6.142,1,10120,62157,1,False,BY,AS49711 Flynet Ltd
192.168.108.156,91.215.79.178,443,464.0,8.385,6,66516,557751,4,False,RU,AS201224 Tikhomirov Evgeny Viktorovich
192.168.108.156,91.216.72.68,443,0.0,5.865,1,19298,113183,1,False,RU,AS48667 AKVILON Ltd.
192.168.108.156,91.217.77.126,443,122.0,8.257,2,16119,133091,1,False,RU,AS50113 NTX Technologies s.r.o.
192.168.108.156,91.219.249.254,443,119.0,9.387,2,13939,130841,2,False,RU,AS50671 First Digital TV Ltd
192.168.108.156,91.220.33.3,443,40.0,7.252,2,13995,101489,2,False,RU,"AS51690 Applied Technologies, Ltd."
192.168.108.156,91.221.133.138,443,0.0,7.42,1,13910,103214,1,False,UA,AS39558 IP Resurs Ltd.
192.168.108.156,91.221.156.176,443,0.0,8.154,1,5669,46224,1,False,RU,AS51957 ZAO Aquafon-GSM
192.168.108.156,91.223.112.87,443,193.0,7.923,3,35101,278104,3,False,UA,AS197578 PE Alekseenko Igor Yurevich
192.168.108.156,91.223.246.60,443,314.0,8.642,4,71899,621347,3,False,RU,AS23242 LLC City-Telekom
192.168.108.156,91.223.98.82,443,253.0,9.838,3,23847,234595,2,False,RU,AS56358 Balttelecomport Ltd.
192.168.108.156,91.224.126.94,443,373.0,9.284,5,47725,443065,3,False,RU,AS12722 RECONN LLC
192.168.108.156,91.224.233.13,443,183.0,7.579,2,12338,93508,1,False,RU,AS42537 AIT LLC
192.168.108.156,91.225.195.7,443,123.0,9.522,2,40476,385423,2,False,RU,AS206973 NON-BANKING CREDIT ORGANIZATION ELECSNET Joint Stock Company
192.168.108.156,91.225.217.54,443,0.0,9.573,1,6642,63584,1,False,RU,
192.168.108.156,91.226.178.35,443,449.0,8.586,6,64562,554331,3,False,RU,AS203805 Agentstvo ofisnyih tehnologiy INFOLINE Ltd.
192.168.108.156,91.226.60.226,443,67.0,10.204,3,16821,171639,2,False,RU,AS42676 Joint Stock Company Smartkom
192.168.108.156,91.227.140.244,443,359.0,7.824,5,96154,752291,3,False,RU,AS56776 DialogSiberia-Barnaul Ltd
192.168.108.156,91.227.188.216,443,339.0,7.294,4,39342,286976,3,False,RU,AS50009 Quartz Telecom LLC
192.168.108.156,91.228.48.10,443,151.0,9.71,2,27326,265327,1,False,RU,AS12389 Rostelecom
192.168.108.156,91.229.97.97,443,336.0,8.762,6,82101,719376,3,False,RU,AS56957 IX-2 Ltd.
192.168.108.156,91.230.26.10,443,133.0,9.813,2,19944,195709,2,False,RU,AS51292 Ooo united Press
192.168.108.156,91.232.253.201,443,347.0,8.406,4,58114,488493,2,False,RU,AS57552 Onrela LLC
192.168.108.156,91.232.39.163,443,487.0,7.753,7,71552,554772,3,False,RU,AS198195 PE Starodumov Andrei
192.168.108.156,91.237.76.232,443,82.0,8.475,2,30739,260512,2,False,RU,AS57973 LLC VK
192.168.108.156,91.238.140.242,443,409.0,8.029,5,58097,466465,4,False,RU,AS198688 Federal Service for Transport Supervision (Rostransnadzor)
192.168.108.156,91.238.77.145,443,102.0,7.918,3,31580,250040,2,False,PL,AS198695 IMS Multimedia S.C.
192.168.108.156,91.239.143.243,443,0.0,8.024,1,6369,51103,1,False,RU,AS58219 Ekus LLC
192.168.108.156,91.239.225.163,443,0.0,8.587,1,19852,170478,1,False,PL,AS207743 SC Aside MCD SRL
192.168.108.156,91.239.239.178,443,414.0,8.697,4,27143,236056,3,False,RU,AS58240 NPO Diagnosticheskie sistemyi Ltd.
192.168.108.156,91.246.2.113,443,257.0,9.971,3,50851,507050,2,False,RU,AS59616 Baikal Teleport CJSC
192.168.108.156,92.119.230.141,443,214.0,7.38,3,39484,291380,2,False,RU,AS208626 ServTech LTD
192.168.108.156,92.240.202.54,443,0.0,7.858,1,14029,110243,1,False,RU,AS57842 UralKonnektServis LLC
192.168.108.156,92.241.165.222,443,173.0,9.549,3,26226,250426,2,False,RU,AS197068 HLL LLC
192.168.108.156,92.244.253.190,443,310.0,9.235,4,41009,378702,3,False,RU,AS6856 AO IK Informsvyaz-Chernozemye
192.168.108.156,92.255.89.34,443,0.0,10.117,1,22879,231457,1,False,RU,AS56534 Comfortel Ltd.
192.168.108.156,92.38.129.62,443,0.0,7.711,1,5690,43877,1,False,RU,AS210756 EdgeCenter LLC
192.168.108.156,92.38.191.196,443,285.0,7.803,6,47372,369626,5,False,RU,AS210756 EdgeCenter LLC
192.168.108.156,92.42.197.30,443,66.0,9.788,2,26489,259274,2,False,DE,AS44298 Mobene GmbH & Co. KG
192.168.108.156,92.42.42.47,443,0.0,11.988,1,9145,109632,1,False,RU,AS196638 Allotelecom LLC
192.168.108.156,92.61.64.122,443,427.0,6.855,4,44377,304194,2,False,PY,AS62240 Clouvider Limited
192.168.108.156,92.62.148.114,443,0.0,7.981,1,13323,106329,1,False,RU,AS47684 Stroytechservice LLC
192.168.108.156,93.114.142.92,443,269.0,11.73,3,21697,254504,2,False,RU,AS42136 DVTK LLC
192.168.108.156,93.157.58.82,443,0.0,9.705,1,22428,217666,1,False,UZ,AS59668 Turon Media XK
192.168.108.156,93.170.232.193,443,66.0,14.844,2,15724,233412,2,False,RU,AS51685 Mikron-Media LLC
192.168.108.156,93.171.77.234,443,204.0,9.812,3,86416,847923,2,False,KG,AS44359 Kyrgyzkommertsbank OJSC
192.168.108.156,93.179.95.122,443,83.0,9.221,2,20568,189664,1,False,RU,AS213133 Corporate Networking Academy ANO
192.168.108.156,93.188.153.151,443,124.0,8.414,2,29727,250114,1,False,RU,AS31363 JSC ER-Telecom Holding
192.168.108.156,94.101.71.244,443,241.0,9.231,5,65275,602584,4,False,RU,AS35140 Cjsc Race Telecom
192.168.108.156,94.101.72.17,443,0.0,5.627,1,17365,97720,1,False,RU,AS35140 Cjsc Race Telecom
192.168.108.156,94.142.250.10,443,214.0,8.625,3,31606,272601,2,False,RU,AS205090 First Server Limited
192.168.108.156,94.247.137.208,443,0.0,6.958,1,9661,67221,1,False,RU,AS48108 Sole trader Malkov Dmitrii Vladimirovich
192.168.108.156,94.25.208.39,443,107.0,7.083,2,15481,109654,1,False,RU,AS31213 PJSC MegaFon
192.168.108.156,94.45.29.44,443,194.0,8.172,4,36066,294719,2,False,RU,AS25513 PJSC Moscow city telephone network
192.168.108.156,95.128.177.60,443,226.0,8.451,3,28242,238668,2,False,RU,AS48757 TrustInfo LLC
192.168.108.156,95.128.183.166,443,0.0,11.381,1,7106,80870,1,False,RU,AS48757 TrustInfo LLC
192.168.108.156,95.128.183.72,443,0.0,8.837,1,4248,37539,1,False,RU,AS48757 TrustInfo LLC
192.168.108.156,95.131.213.74,443,118.0,9.693,2,47327,458763,2,False,RU,AS35539 Information and Communication Technologies LLC
192.168.108.156,95.171.241.230,443,0.0,9.802,1,13849,135742,1,False,AT,AS13105 LUKOIL Technology Services GmbH
192.168.108.156,95.182.77.134,443,273.0,10.339,3,32997,341141,2,False,RU,AS198619 IE Efremov Aleksej Alekseevich
192.168.108.156,95.215.237.68,443,123.0,8.816,3,27317,240832,3,False,FR,AS199190 Cgg Services SAS
192.168.108.156,95.46.34.165,443,0.0,12.546,1,14194,178077,1,False,RU,AS41575 Intercity Ltd.
192.168.108.156,95.52.103.29,443,0.0,7.18,1,7835,56254,1,False,RU,AS12389 Rostelecom
192.168.108.156,95.70.120.203,443,0.0,7.479,1,15828,118380,1,False,RU,AS12389 Rostelecom
192.168.108.156,95.85.84.160,443,103.0,9.303,2,18296,170204,2,False,RU,AS205754 TK Alfa JSC
192.168.108.158,142.4.160.237,443,246.0,9.691,3,37341,361875,2,False,FI,AS16509 AMAZON-02
192.168.108.202,142.4.160.171,443,0.0,6.63,1,21862,144944,1,False,OM,AS16509 AMAZON-02
192.168.108.205,142.4.160.237,443,285.0,8.978,3,28753,258146,2,False,FI,AS16509 AMAZON-02
192.168.108.44,103.107.109.219,443,0.0,9.256,1,7552,69902,1,False,HK,"AS134196 ANYUN INTERNET TECHNOLOGY HK CO.,LIMITED"
192.168.108.44,151.237.243.163,443,0.0,8.423,1,10153,85522,1,False,RU,AS20485 Joint Stock Company TransTeleCom
192.168.108.44,185.134.205.215,443,0.0,5.879,1,9952,58510,1,False,RU,AS20848 Rosbusinessconsulting Jsc
192.168.108.44,185.87.171.28,443,0.0,10.575,1,14102,149135,1,False,DE,AS43824 Masco Group LLC
192.168.108.44,193.193.187.45,443,411.0,7.886,4,52388,413146,3,False,RU,AS44734 INTERCOM Ltd.
192.168.108.44,203.2.162.56,443,161.0,7.969,2,20995,167319,2,False,CN,AS134768 CHINANET SHAANXI province Cloud Base network
192.168.108.44,45.142.73.209,443,282.0,7.874,3,41776,328957,3,False,RU,AS49505 OOO Network of data-centers Selectel
192.168.108.44,46.3.29.91,443,0.0,6.96,1,12378,86146,1,False,US,AS207636 Alexhost S.r.l.
192.168.108.44,93.95.141.183,443,0.0,5.311,1,3687,19582,1,False,RU,AS39045 Gazprom telecom LLC
